name,email,FirstP,SecondP,ThirdP,FourthP,FifthP,FirstN,SecondN,ThirdN,MaxSec,history
Lee Kok Khing,kklee@smu.edu.sg,,,,,,,,,1.0,CS203
Ong Hong Seng,hsong@smu.edu.sg,,,,,,,,,,CS101/CS104/CS420/IS211
Mok Heng Ngee,hnmok@smu.edu.sg,,,,,,,,,,CS462/IS1702F
Chua Hong Ngoh,hnchua@smu.edu.sg,,,,,,,,,,CS201/CS420/IS111
Lum Eng Kit,eklum@smu.edu.sg,,,,,,,,,,CS201/CS421/IS210
Fiona Lee,fionalee@smu.edu.sg,,,,,,,,,2.0,CS204/IS111
Ramachandra Rao Vandana,vandanarr@smu.edu.sg,,,,,,,,,,IS111/IS215
Thiang Lay Foo,lfthiang@smu.edu.sg,,,,,,,,,,IS111/IS216
Joelle Elmaleh,joellee@smu.edu.sg,,,,,,,,,,IS111F/IS212/IS211
Coen Chua,coenchua@smu.edu.sg,,,,,,,,,,IS210
Meenakshi Gopalakrishnan,meenakshig@smu.edu.sg,,,,,,,,,,IS210/IS211
Michelle Kan,michellekan@smu.edu.sg,,,,,,,,,,IS111F/IS216
Wendy Tan,wendytanlc@smu.edu.sg,,,,,,,,,,IS217/IS412F/IS442
Koh Kwan Chin,kckoh@smu.edu.sg,,,,,,,,,,IS216
Lau Yi Meng,ymlau@smu.edu.sg,,,,,,,,,,IS211
Swetha GOTTPATI,sgottipati@smu.edu.sg,,,,,,,,,,IS211
Pius Lee,piuslee@smu.edu.sg,,,,0.0,,,,,,IS446
Tan Pang Jin,pjtan@smu.edu.sg,,,,,,,,,,IS1702
Indu Sandya,indusandya@smu.edu.sg,,,,,,,,,,IS1702
Joseph Sung,josephsung@smu.edu.sg,,,,,,,,,,CS462
