,Strategy 1
Programming Fundamentals I {CS101},Ong Hong Seng(2)
Data Stuctructures and Algorithms {CS201},Chua Hong Ngoh(1)/Lum Eng Kit(1)
Mathematical Foundations for Computing {CS104},Ong Hong Seng(2)
Collaborative Software Development {CS203},Lee Kok Khing(1)
Interconnection of Cyber-Physical Systems {CS204},Fiona Lee(1)
Introduction to Artificial Intelligence {CS420},Chua Hong Ngoh(1)/Ong Hong Seng(1)
Introduction to Machine Learning {CS421},Lum Eng Kit(3)
Internet of Things: Technology and Applications {CS462},Mok Heng Ngee(1)
Introduction to Programming {IS111},Fiona Lee(1)/Ramachandra Rao Vandana(4)/Chua Hong Ngoh(3)/Thiang Lay Foo(4)
Introduction to Programming (as faculty) {IS111F},Joelle Elmaleh(1)/Michelle Kan(1)
Buisness Process Analysis & Solutioning {IS210},Coen Chua(5)/Lum Eng Kit(1)/Meenakshi Gopalakrishnan(4)
Software Project Management {IS212},Joelle Elmaleh(1)
Digital Busness: Technology & Transformation {IS215},Ramachandra Rao Vandana(1)
Web Application Development II {IS216},Michelle Kan(3)/Thiang Lay Foo(1)/Koh Kwan Chin(4)
Analytics Foundation {IS217},Wendy Tan(2)
Interactive Design & Prototyping {IS211},Meenakshi Gopalakrishnan(2)/Lau Yi Meng(5)/Ong Hong Seng(1)/Joelle Elmaleh(2)/Swetha GOTTPATI(4)
Enterprise Business Solution (as faculty) {IS412F},Wendy Tan(1)
Object Oriented Programming {IS442},Wendy Tan(1)
Managing Customer Relations with Analytics: Asian Insights {IS446},Pius Lee(1)
Computational Thinking {IS1702},Tan Pang Jin(3)/Indu Sandya(3)
Computational Thinking (as faculty) {IS1702F},Mok Heng Ngee(2)
Internet of Things: Technology and Applications {IS614},Joseph Sung(1)
