config,weight
Weight_for_meeting_first_preference,0.3
Weight_for_meeting_second_preference,0.4
Weight_for_meeting_third_preference,0.5
Weight_for_meeting_fourth_preference,0.6
Weight_for_meeting_fifth_preference,0.7
Weight_for_meeting_courses_not_to_teach,2
Weight_for_not_meeting_any_of_the_5_preference,1.0
Weight_for_courses_taught_in_the_past_0-12_months,0.1
Weight_for_courses_taught_in_the_past_13-24_months,0.2
Weight_for_other_courses_taught,0.3
Weight_for_courses_never_taught,0.4
Penalty_for_teaching_courses,0.02
Penalty_for_teaching_more_courses,1
Year,2021
Term,1
